label,beta,pval,r2,n
1M forward,0.01500196293870525,0.17707625104891536,0.021330652202046774,87
3M forward,0.005712666662109567,0.766045442944209,0.0010725790745004238,85
6M forward,0.03261691908642957,0.226585298575641,0.01822343202261223,82
Low VIX — 1M forward,0.0037353740775709888,0.7177843546293511,0.0024848950069144005,55
Low VIX — 3M forward,-0.024756977156440027,0.2044557440422393,0.0307811618536854,54
Low VIX — 6M forward,-0.029429485303419982,0.27555870661530835,0.024212901566798783,51
High VIX — 1M forward,0.048196626225220904,0.09135880129799703,0.0920737847286901,32
High VIX — 3M forward,0.09524725234118224,0.03268881110568895,0.14786328572815344,31
High VIX — 6M forward,0.213420693055855,0.00027212848685997964,0.3716357365142122,31
