month,ps_zscore,high_conviction,V,phi,H,entropy_gap,fwd_1m,fwd_3m,fwd_6m,ret,vix_close,ps_activity,mkt_fwd_1m,mkt_fwd_3m,mkt_fwd_6m,sec_fwd_1m,sec_fwd_3m,sec_fwd_6m,momentum
2016-12,1.6353,True,87,0.2299,0.0,1.0,0.18845661167457317,0.35564440657708896,0.6094264876813167,-0.010644979646593278,14.039999961853027,High,0.023894089438028177,0.060839545533606154,0.09284336872789001,0.10962693061150386,0.16203032874075296,0.10962693061150386,0.02790768372000646
2017-01,1.5337,True,82,0.2317,0.0,1.0,0.13743991141675038,0.2356246296347171,0.5577643619231614,0.18845661167457317,11.989999771118164,High,0.0392915515334602,0.05091975295120843,0.0945904442506722,0.02906222536720038,0.036327931713260764,0.10041525179315092,0.021041930333589715
2022-01,2.2453,True,108,0.2407,0.0,1.0,-0.004778928590067788,-0.13994845283009105,-0.2812130277050403,-0.16044197708637797,24.829999923706055,High,-0.029516994504643512,-0.08141642515217462,-0.07747082160274932,0.05614459102871017,0.024735166696549404,-0.03575906735828238,-0.014054093321010616
2022-02,5.1934,True,214,0.257,0.0,1.0,0.05576705693266515,-0.30246306496862185,-0.24079353231593814,-0.004778928590067788,30.149999618530273,High,0.034376997221726935,-0.05134136986090265,-0.08819820056110772,0.12973967286085197,0.056877433574438196,-0.05835422897903042,-0.04196166530024522
2022-03,7.1249,True,252,0.2937,0.0,1.0,-0.1814658330784814,-0.46458115682938195,-0.3040824201424024,0.05576705693266515,20.559999465942383,High,-0.08493512145673587,-0.16211584733772777,-0.20326518660460358,-0.14116471048604196,-0.2583086093299909,-0.18672220619868574,-0.07449887387829059
2022-04,4.3256,True,164,0.3049,0.0707,0.9293,-0.19283505957953495,-0.16425128858821936,-0.073960343666989,-0.1814658330784814,33.400001525878906,High,0.002257283687025602,0.004295312541462426,-0.054680558389847644,0.08927205889527978,-0.059034017784173165,0.03398474209644631,-0.04842123483899008
