month,ps_zscore,high_conviction,V,phi,H,entropy_gap,fwd_1m,fwd_3m,fwd_6m,ret,vix_close,ps_quartile,mkt_fwd_1m,mkt_fwd_3m,mkt_fwd_6m,sec_fwd_1m,sec_fwd_3m,sec_fwd_6m,momentum
2025-08,1.6631,True,881,0.1657,0.5825,0.4175,0.028173012480827708,-0.040726365418851995,-0.17497965165862106,0.004959620928405739,15.359999656677246,Q4 (highest),0.03275704274844604,0.062374464543476726,0.06956748100048382,0.05254196657624188,0.08690011730385439,0.06728131079592847,0.08528247633243789
2025-09,2.4462,True,918,0.1699,0.5114,0.4886,0.1803905465048563,-0.08127127423938929,-0.03844540817741404,0.028173012480827708,16.280000686645508,Q4 (highest),0.026675961781003066,0.026465297161848644,-0.018178046713955287,0.04901851241312172,0.024405124329175854,-0.0362716685885911,0.07779981987401273
2025-10,2.1048,True,983,0.1617,0.5625,0.4375,-0.20959335056558426,-0.2998420688243064,-0.2065140028754956,0.1803905465048563,17.440000534057617,Q4 (highest),0.0019500340229998692,0.01752735721882015,0.047097893453877715,-0.015610296739697826,-0.010171823084146658,0.03407435738757947,0.11990069007234157
2026-03,1.7985,True,990,0.1515,0.576,0.424,-0.02592803595850468,,,0.19832739074444872,25.25,Q4 (highest),0.0949339982087587,,,0.12559017801479966,,,-0.024306653573954895
