month,ps_zscore,high_conviction,V,phi,H,entropy_gap,fwd_1m,fwd_3m,fwd_6m,monthly_return,vix_close,ps_quartile
2019-02,1.7254,True,550,0.1036,0.6325,0.3675,0.08457287348264253,0.16489583712459055,0.3365915786304654,-0.036050764697562965,14.779999732971191,Q4 (highest)
2019-03,2.8343,True,731,0.1012,0.6414,0.3586,0.08268019847785801,0.1900470334824882,0.1359717574886976,0.08457287348264253,13.710000038146973,Q4 (highest)
2019-04,3.7001,True,888,0.0845,0.5879,0.4121,-0.007962335144290567,0.10206303611391832,0.22801307766070833,0.08268019847785801,13.119999885559082,Q4 (highest)
2025-04,1.5459,True,509,0.1041,0.6219,0.3781,0.13744227110973561,0.8110939940637274,1.630919354202895,-0.05246252191668754,24.700000762939453,Q4 (highest)
2025-05,2.3791,True,555,0.1207,0.6382,0.3618,0.28149543569574,0.46870766686948784,0.9645081927623347,0.13744227110973561,18.56999969482422,Q4 (highest)
