month,ps_zscore,high_conviction,V,phi,H,entropy_gap,fwd_1m,fwd_3m,fwd_6m,ret,vix_close,ps_quartile,mkt_fwd_1m,mkt_fwd_3m,mkt_fwd_6m,sec_fwd_1m,sec_fwd_3m,sec_fwd_6m,momentum
2024-10,2.2415,True,894,0.028,0.4581,0.5419,0.18604651162790709,0.3536744583484739,-0.13172096429869184,0.042879298510195785,23.15999984741211,Q4 (highest),0.05963336231606009,0.06191173678060968,-0.018570505490365652,0.05350821844087861,0.08118666981572598,-0.014267145976382678,-0.017395588997698424
2024-11,3.3223,True,747,0.0361,0.3627,0.6373,-0.1160784553079044,-0.05552942612591916,-0.28611767338771443,0.18604651162790709,13.510000228881836,Q4 (highest),-0.027333851839333567,-0.010571975084078478,-0.015595805360010262,0.0029230788355671944,-0.0014724921378780342,0.021545177164320917,0.00646906347671707
2024-12,2.7618,True,644,0.0311,0.2345,0.7655,0.2912156895557987,-0.16592721787588172,-0.19946758062347658,-0.1160784553079044,17.350000381469727,Q4 (highest),0.03031256456527376,-0.042327469662470585,0.060937639631928775,0.023281516203846442,-0.08128214377365606,0.08239642616141785,0.05424831173372844
2025-10,1.5355,True,513,0.039,0.4421,0.5579,-0.15774356157351765,-0.2824615478515625,-0.5536410209460136,0.081410781275016,17.440000534057617,Q4 (highest),0.0019499438514807288,0.017527265645403745,0.03198422693685399,-0.015610489765097046,-0.010171919366635307,0.01582643343064749,-0.005768672885952675
