month,ps_zscore,high_conviction,V,phi,H,entropy_gap,fwd_1m,fwd_3m,fwd_6m,ret,vix_close,ps_quartile,mkt_fwd_1m,mkt_fwd_3m,mkt_fwd_6m,sec_fwd_1m,sec_fwd_3m,sec_fwd_6m,momentum
2020-05,3.0094,True,126,0.381,0.4258,0.5742,0.9733425697230109,1.1520629960919249,0.9649976319519189,0.9926097066867767,27.510000228881836,Q4 (highest),0.013275094612103633,0.15288886144638192,0.1997534756195809,0.06102196021713424,0.2658246325480651,0.286171785603371,0.01675706062528115
2020-06,4.4004,True,186,0.3441,0.4231,0.5769,0.13344298105090635,0.10043466847891303,0.02631276360195267,0.9733425697230109,30.43000030517578,Q4 (highest),0.06355213376962299,0.09081538580629211,0.22268972657831698,0.07533218478108061,0.12408403553420477,0.26932767578078765,0.17939916830219707
2020-07,4.1663,True,167,0.3653,0.4205,0.5795,-0.037827770822756124,-0.3417970802403738,0.1332780691788189,0.13344298105090635,24.459999084472656,Q4 (highest),0.06979679347925116,0.0040646365585477184,0.1427636653702642,0.1094469114955614,0.013506862558582577,0.18563557129953123,0.34439934797863375
