month,ps_zscore,high_conviction,V,phi,H,entropy_gap,fwd_1m,fwd_3m,fwd_6m,ret,vix_close,ps_quartile,mkt_fwd_1m,mkt_fwd_3m,mkt_fwd_6m,sec_fwd_1m,sec_fwd_3m,sec_fwd_6m,momentum
2025-06,1.563,True,604,0.1341,0.6593,0.3407,-0.08203126367880009,0.045312493364326745,0.28046868323581386,-0.03831707083421132,16.729999542236328,Q4 (highest),0.02605592955723468,0.08141045400612001,0.11003010054330864,0.025387090734681816,0.08955896760387305,0.11614978967221412,-0.0017357329567851225
2025-10,2.6674,True,628,0.1529,0.5613,0.4387,-0.12610340752170046,-0.20617904002996923,-0.3436317734704756,0.1853512347551991,17.440000534057617,Q4 (highest),0.0019499438514807288,0.017527265645403745,0.04709779921923052,-0.015610296739697826,-0.010171823084146658,0.03407435738757947,0.05053929146855365
2025-11,3.6671,True,858,0.1434,0.5508,0.4492,0.18253966779518138,-0.22582973968062092,,-0.12610340752170046,16.350000381469727,Q4 (highest),-0.0021511202145568786,0.006770697806726789,,-0.007977488486386908,-0.018050238651728168,,0.054893957466928024
2025-12,3.6402,True,1023,0.1789,0.7,0.3,-0.23184865030931867,-0.3227577306390723,,0.18253966779518138,14.949999809265137,Q4 (highest),0.017736279088188978,-0.04349222094601646,,0.01361078447632269,-0.05923124697126125,,0.014753315741781348
2026-01,2.4265,True,960,0.1698,0.7611,0.2389,-0.1477363453382673,-0.1731533184078381,,-0.23184865030931867,17.440000534057617,Q4 (highest),-0.008641951723092456,0.029061170714743012,,-0.02344542544546735,0.04470086981115262,,0.05156277218001346
2026-02,1.7282,True,871,0.1642,0.7918,0.2082,0.03448283830553489,,,-0.1477363453382673,19.860000610351562,Q4 (highest),-0.05196861816263498,,,-0.049580927794436125,,,0.0265932077415937
