month,ps_zscore,high_conviction,V,phi,H,entropy_gap,fwd_1m,fwd_3m,fwd_6m,monthly_return,vix_close,ps_quartile
2019-08,1.73,True,9950,0.1309,0.6759,0.3241,0.0257112010576483,0.0953861251575847,0.1249192248349622,-0.0227138226192171,18.979999542236328,Q4 (highest)
2019-09,2.2288,True,10088,0.1291,0.6391,0.3609,0.0308400447685892,0.0968357285444103,-0.0484709997270469,0.0257112010576483,16.239999771118164,Q4 (highest)
2019-10,2.9478,True,10329,0.1324,0.6061,0.3939,0.0359787715714661,0.1382110124764621,0.0698283693554926,0.0308400447685892,13.220000267028809,Q4 (highest)
2019-11,2.3238,True,10125,0.1246,0.6205,0.3795,0.0270685985970267,0.0269613600164313,0.0992493653281034,0.0359787715714661,12.619999885559082,Q4 (highest)
2020-07,1.8071,True,10036,0.126,0.6606,0.3394,0.0951511731279572,0.086131884070858,0.2281058128144422,0.0492928728325468,24.459999084472656,Q4 (highest)
2020-08,1.8933,True,10321,0.1272,0.6667,0.3333,-0.1005996366227746,0.0766293722244901,0.2407932099593004,0.0951511731279572,26.40999984741211,Q4 (highest)
