month,ps_zscore,high_conviction,V,phi,H,entropy_gap,fwd_1m,fwd_3m,fwd_6m,monthly_return,vix_close,ps_quartile
2024-06,1.7217,True,411,0.1873,0.3624,0.6376,-0.03486558281708274,-0.14975198960653802,0.14301582536056223,-0.008004085743239076,12.4399995803833,Q4 (highest)
2024-07,2.2007,True,385,0.2208,0.3173,0.6827,-0.12386869858146399,-0.11934349290732005,0.39216128017466967,-0.03486558281708274,16.360000610351562,Q4 (highest)
2024-08,2.8491,True,375,0.264,0.2917,0.7083,0.005515164448077758,0.5302459766683332,0.5503808185151902,-0.12386869858146399,15.0,Q4 (highest)
2024-09,2.9214,True,387,0.261,0.2924,0.7076,-0.00034825801249160904,0.3443322552811603,0.2725056841845164,0.005515164448077758,16.729999542236328,Q4 (highest)
2024-10,2.4535,True,443,0.228,0.3788,0.6212,0.5223828907538077,0.580822112778824,0.3890437721395801,-0.00034825801249160904,23.15999984741211,Q4 (highest)
2024-11,1.6001,True,437,0.2197,0.5122,0.4878,-0.11664759172579087,0.013157911965692604,0.17660179964669087,0.5223828907538077,13.510000228881836,Q4 (highest)
2025-10,1.9453,True,471,0.2909,0.6112,0.3888,-0.08600116039624894,-0.2989668454408151,-0.5594077471659553,0.2187098255978952,17.440000534057617,Q4 (highest)
2025-11,1.721,True,408,0.3113,0.6135,0.3865,-0.1268906391728284,-0.3296847636524526,,-0.08600116039624894,16.350000381469727,Q4 (highest)
