month,ps_zscore,high_conviction,V,phi,H,entropy_gap,fwd_1m,fwd_3m,fwd_6m,monthly_return,vix_close,ps_quartile,mkt_fwd_1m,mkt_fwd_3m,mkt_fwd_6m,sec_fwd_1m,sec_fwd_3m,sec_fwd_6m,momentum
2025-04,2.1077,True,880,0.1614,0.4547,0.5453,0.3734889970712929,0.7194899385226692,1.0972015698941737,0.0717898319515704,24.700000762939453,Q4 (highest),0.06284486771162645,0.1431972285118437,0.23701237869479153,0.09178299415245861,0.18965357894980572,0.3260703267024394,0.06864023403848095
2025-05,2.1146,True,910,0.1681,0.4929,0.5071,0.1804810570351627,0.2581228975933718,0.2068841247241593,0.3734889970712929,18.56999969482422,Q4 (highest),0.04828711731137414,0.09767205237347976,0.1661387588846146,0.06266468764830968,0.10003781842171833,0.19563111573559433,0.06655320177301415
2025-06,1.8974,True,920,0.1783,0.5571,0.4429,0.06051162096678997,0.09579734632806902,0.006740499683845602,0.1804810570351627,16.729999542236328,Q4 (highest),0.02605592955723468,0.08141045400612001,0.11003020046212453,0.025387315914526365,0.08955908873959073,0.11614991376426409,0.10577092126533932
2025-08,2.1894,True,914,0.1652,0.4748,0.5252,0.028173012480827708,-0.040726365418851995,-0.17497965165862106,0.004959620928405739,15.359999656677246,Q4 (highest),0.03275713817185344,0.062374464543476726,0.06956748100048382,0.05254196657624188,0.08690000990241287,0.06728131079592847,0.08528247633243789
2025-09,2.8891,True,945,0.1683,0.4006,0.5994,0.1803905465048563,-0.08127127423938929,-0.03844540817741404,0.028173012480827708,16.280000686645508,Q4 (highest),0.026675866919476432,0.026465202319786885,-0.01817813743111707,0.04901861445317812,0.024405124329175854,-0.0362716685885911,0.07779981987401273
2025-10,2.7304,True,1026,0.1579,0.4341,0.5659,-0.20959335056558426,-0.2998420688243064,-0.34074218917777777,0.1803905465048563,17.440000534057617,Q4 (highest),0.0019500340229998692,0.01752735721882015,0.0018603979750533295,-0.015610489765097046,-0.010171919366635307,-0.026135798022247858,0.11990069007234157
2026-03,2.1555,True,1051,0.1513,0.5061,0.4939,-0.19070462122277665,,,0.19832739074444872,25.25,Q4 (highest),0.047629852050850685,,,0.06005151299026923,,,-0.024306653573954895
