month,ps_zscore,high_conviction,V,phi,H,entropy_gap,fwd_1m,fwd_3m,fwd_6m,monthly_return,vix_close,ps_quartile
2019-08,2.0095,True,640,0.1219,0.5385,0.4615,-0.0227327431597064,0.0137984454038426,0.0604968914433643,-0.048473822697145,18.979999542236328,Q4 (highest)
2019-09,3.5823,True,619,0.1745,0.4981,0.5019,0.0234747012691118,0.0644791086155096,0.12316880646528,-0.0227327431597064,16.239999771118164,Q4 (highest)
2019-10,3.6507,True,647,0.1607,0.4712,0.5288,0.0135873012274039,0.1306158387339773,0.3925004974870569,0.0234747012691118,13.220000267028809,Q4 (highest)
2019-11,2.2346,True,651,0.129,0.5405,0.4595,0.026121694264473,0.0460628503143143,0.356269419304283,0.0135873012274039,12.619999885559082,Q4 (highest)
2020-06,1.9268,True,587,0.1465,0.5926,0.4074,0.1471136218500213,0.1413321598951162,0.1805518544538384,0.1295667285339112,30.43000030517578,Q4 (highest)
2020-07,2.8712,True,650,0.1631,0.5663,0.4337,0.090461033692982,-0.0406138925632083,0.0131198358962174,0.1471136218500213,24.459999084472656,Q4 (highest)
2020-08,2.3711,True,617,0.1572,0.5858,0.4142,-0.0875785918526055,-0.0819830482664382,-0.1037479662818866,0.090461033692982,26.40999984741211,Q4 (highest)
