month,ps_zscore,high_conviction,V,phi,H,entropy_gap,fwd_1m,fwd_3m,fwd_6m,monthly_return,vix_close,ps_quartile
2019-07,1.585,True,1373,0.1238,0.6703,0.3297,-0.04407130294026684,-0.013282958860777017,0.03954103668884623,0.006372927663047978,16.1200008392334,Q4 (highest)
2019-08,2.1652,True,1537,0.1327,0.6795,0.3205,-0.0408789658920774,0.08601284948536136,0.03662421384533365,-0.04407130294026684,18.979999542236328,Q4 (highest)
2024-03,2.0155,True,2027,0.1219,0.745,0.255,-0.11411096847803359,0.03838697765626975,0.18004923203392686,-0.008232047062644798,13.010000228881836,Q4 (highest)
2025-04,2.0182,True,2801,0.1257,0.821,0.179,0.17939896558888457,0.409900097481376,0.18267180158541896,-0.04662285115538023,24.700000762939453,Q4 (highest)
2025-05,2.8105,True,2863,0.1348,0.8037,0.1963,0.13992495661900262,0.14174492077572243,0.002156402691016579,0.17939896558888457,18.56999969482422,Q4 (highest)
2025-06,2.5962,True,2887,0.1375,0.8178,0.1822,0.04870016458379944,-0.004260962665499357,-0.10438599525501613,0.13992495661900262,16.729999542236328,Q4 (highest)
2025-07,1.9191,True,2605,0.1309,0.8199,0.1801,-0.04491617460361408,-0.16116623887172876,-0.07223783552899576,0.04870016458379944,16.719999313354492,Q4 (highest)
