month,ps_zscore,high_conviction,V,phi,H,entropy_gap,fwd_1m,fwd_3m,fwd_6m,ret,vix_close,ps_quartile,mkt_fwd_1m,mkt_fwd_3m,mkt_fwd_6m,sec_fwd_1m,sec_fwd_3m,sec_fwd_6m,momentum
2021-08,2.5285,True,253,0.1028,0.0,1.0,-0.14013068113988503,-0.051560518541424516,-0.5812157284591872,0.714311522713283,16.479999542236328,Q4,-0.04965007094072771,0.012090215603267396,-0.026557551422651482,-0.05787593385749279,0.03765431465971081,-0.08506891167242503,
2021-09,3.0173,True,282,0.1028,0.0,1.0,0.13988342323014424,-0.053586788265458374,-0.5154199834183466,-0.14013068113988503,23.139999389648438,Q4,0.0735918337021284,0.11031728522475248,0.059511441907313056,0.07983586862505088,0.11266925137633899,0.015212627806984402,
2021-10,1.8767,True,311,0.0707,0.0,1.0,-0.0323534927620982,-0.4370545279205523,-0.6519915053399403,0.13988342323014424,16.260000228881836,Q4,-0.008034700018874075,-0.016895617892621395,-0.096936391545829,0.019968710694353797,-0.05852271960819777,-0.18666203145475602,0.18796471410165516
2022-03,1.5509,True,272,0.0735,0.0,1.0,-0.18137541658316658,-0.3473777511092474,-0.2829759531457604,-0.005035486986568194,20.559999465942383,Q4,-0.08493511537293164,-0.1621159789832386,-0.2032652436737945,-0.13488909840789753,-0.22594334550687178,-0.26048234664055636,-0.12292694131801597
2024-05,1.7138,True,141,0.1489,0.0,1.0,0.06573410032314242,0.1769731766554512,0.2631578094185314,0.19320763469751734,12.920000076293945,Q4,0.031950966100875,0.0722992992176541,0.14975832066411665,0.06301163526892584,0.05839012531737664,0.134360512003036,0.07649544294247627
2025-07,1.5844,True,200,0.135,0.2516,0.7484,-0.2641732673284607,-0.21750734375376324,-0.562507162828709,-0.16595650158405517,16.719999313354492,Q4,0.020519537835420598,0.0820638362682804,0.1010295556601215,0.00953975641223459,0.11466942473590391,0.1033310972270367,0.056250719823726335
